y,x
São Paulo,Consumidor
São Paulo,Consumidor
São Paulo,Consumidor
São Paulo,Consumidor
São Paulo,Consumidor
São Paulo,Consumidor
São Paulo,Consumidor
São Paulo,Consumidor
São Paulo,Consumidor
São Paulo,Consumidor
São Paulo,Consumidor
São Paulo,Consumidor
São Paulo,Consumidor
São Paulo,Consumidor
São Paulo,Consumidor
São Paulo,Consumidor
São Paulo,Consumidor
São Paulo,Consumidor
São Paulo,Consumidor
São Paulo,Consumidor
São Paulo,Consumidor
São Paulo,Consumidor
São Paulo,Consumidor
São Paulo,Consumidor
São Paulo,Consumidor
São Paulo,Consumidor
São Paulo,Consumidor
São Paulo,Consumidor
São Paulo,Consumidor
São Paulo,Consumidor
São Paulo,Consumidor
São Paulo,Consumidor
São Paulo,Consumidor
São Paulo,Consumidor
São Paulo,Consumidor
São Paulo,Consumidor
São Paulo,Consumidor
São Paulo,Consumidor
São Paulo,Consumidor
São Paulo,Consumidor
São Paulo,Consumidor
São Paulo,Consumidor
São Paulo,Consumidor
São Paulo,Consumidor
São Paulo,Consumidor
São Paulo,Consumidor
São Paulo,Consumidor
São Paulo,Consumidor
São Paulo,Consumidor
São Paulo,Consumidor
São Paulo,Consumidor
São Paulo,Consumidor
São Paulo,Consumidor
São Paulo,Consumidor
São Paulo,Consumidor
São Paulo,Consumidor
São Paulo,Consumidor
São Paulo,Consumidor
São Paulo,Consumidor
São Paulo,Consumidor
São Paulo,Consumidor
São Paulo,Consumidor
São Paulo,Consumidor
São Paulo,Consumidor
São Paulo,Consumidor
São Paulo,Consumidor
São Paulo,Consumidor
São Paulo,Consumidor
São Paulo,Consumidor
São Paulo,Consumidor
São Paulo,Consumidor
São Paulo,Consumidor
São Paulo,Consumidor
São Paulo,Consumidor
São Paulo,Consumidor
São Paulo,Consumidor
São Paulo,Consumidor
São Paulo,Consumidor
São Paulo,Consumidor
São Paulo,Consumidor
São Paulo,Consumidor
São Paulo,Consumidor
São Paulo,Consumidor
São Paulo,Consumidor
São Paulo,Consumidor
São Paulo,Consumidor
São Paulo,Consumidor
São Paulo,Consumidor
São Paulo,Consumidor
São Paulo,Consumidor
São Paulo,Consumidor
São Paulo,Consumidor
São Paulo,Consumidor
São Paulo,Consumidor
São Paulo,Consumidor
São Paulo,Consumidor
São Paulo,Consumidor
São Paulo,Consumidor
São Paulo,Consumidor
São Paulo,Consumidor
São Paulo,Consumidor
São Paulo,Consumidor
São Paulo,Consumidor
São Paulo,Consumidor
São Paulo,Consumidor
São Paulo,Consumidor
São Paulo,Consumidor
São Paulo,Consumidor
São Paulo,Consumidor
São Paulo,Consumidor
São Paulo,Consumidor
São Paulo,Consumidor
São Paulo,Consumidor
São Paulo,Consumidor
São Paulo,Consumidor
São Paulo,Consumidor
São Paulo,Consumidor
São Paulo,Consumidor
São Paulo,Consumidor
São Paulo,Consumidor
São Paulo,Consumidor
São Paulo,Consumidor
São Paulo,Consumidor
São Paulo,Consumidor
São Paulo,Consumidor
São Paulo,Consumidor
São Paulo,Consumidor
São Paulo,Consumidor
São Paulo,Consumidor
São Paulo,Consumidor
São Paulo,Consumidor
São Paulo,Consumidor
São Paulo,Consumidor
São Paulo,Consumidor
São Paulo,Consumidor
São Paulo,Consumidor
São Paulo,Consumidor
São Paulo,Consumidor
São Paulo,Consumidor
São Paulo,Consumidor
São Paulo,Consumidor
São Paulo,Consumidor
São Paulo,Consumidor
São Paulo,Consumidor
São Paulo,Consumidor
São Paulo,Consumidor
São Paulo,Consumidor
São Paulo,Consumidor
São Paulo,Consumidor
São Paulo,Consumidor
São Paulo,Consumidor
São Paulo,Consumidor
São Paulo,Consumidor
São Paulo,Consumidor
São Paulo,Consumidor
São Paulo,Consumidor
São Paulo,Consumidor
São Paulo,Consumidor
São Paulo,Consumidor
São Paulo,Consumidor
São Paulo,Consumidor
São Paulo,Consumidor
São Paulo,Consumidor
São Paulo,Consumidor
São Paulo,Consumidor
São Paulo,Consumidor
São Paulo,Consumidor
São Paulo,Consumidor
São Paulo,Consumidor
São Paulo,Consumidor
São Paulo,Consumidor
São Paulo,Consumidor
São Paulo,Consumidor
São Paulo,Consumidor
São Paulo,Consumidor
São Paulo,Consumidor
São Paulo,Consumidor
São Paulo,Consumidor
São Paulo,Consumidor
São Paulo,Consumidor
São Paulo,Consumidor
São Paulo,Consumidor
São Paulo,Consumidor
São Paulo,Consumidor
São Paulo,Consumidor
São Paulo,Consumidor
São Paulo,Consumidor
São Paulo,Consumidor
São Paulo,Consumidor
São Paulo,Consumidor
São Paulo,Consumidor
São Paulo,Consumidor
São Paulo,Consumidor
São Paulo,Consumidor
São Paulo,Consumidor
São Paulo,Consumidor
São Paulo,Consumidor
São Paulo,Consumidor
São Paulo,Consumidor
São Paulo,Consumidor
São Paulo,Consumidor
São Paulo,Consumidor
São Paulo,Consumidor
São Paulo,Consumidor
São Paulo,Consumidor
São Paulo,Consumidor
São Paulo,Consumidor
São Paulo,Consumidor
São Paulo,Consumidor
São Paulo,Consumidor
São Paulo,Consumidor
São Paulo,Consumidor
São Paulo,Consumidor
São Paulo,Consumidor
São Paulo,Produtor
São Paulo,Produtor
São Paulo,Produtor
São Paulo,Produtor
São Paulo,Produtor
São Paulo,Produtor
São Paulo,Produtor
São Paulo,Produtor
São Paulo,Produtor
São Paulo,Produtor
São Paulo,Produtor
São Paulo,Produtor
São Paulo,Produtor
São Paulo,Produtor
São Paulo,Produtor
São Paulo,Produtor
São Paulo,Produtor
São Paulo,Produtor
São Paulo,Produtor
São Paulo,Produtor
São Paulo,Produtor
São Paulo,Produtor
São Paulo,Produtor
São Paulo,Produtor
São Paulo,Produtor
São Paulo,Produtor
São Paulo,Produtor
São Paulo,Produtor
São Paulo,Produtor
São Paulo,Produtor
São Paulo,Produtor
São Paulo,Produtor
São Paulo,Produtor
São Paulo,Produtor
São Paulo,Produtor
São Paulo,Produtor
São Paulo,Produtor
São Paulo,Produtor
São Paulo,Produtor
São Paulo,Produtor
São Paulo,Produtor
São Paulo,Produtor
São Paulo,Produtor
São Paulo,Produtor
São Paulo,Produtor
São Paulo,Produtor
São Paulo,Produtor
São Paulo,Produtor
São Paulo,Produtor
São Paulo,Produtor
São Paulo,Produtor
São Paulo,Produtor
São Paulo,Produtor
São Paulo,Produtor
São Paulo,Produtor
São Paulo,Produtor
São Paulo,Produtor
São Paulo,Produtor
São Paulo,Produtor
São Paulo,Produtor
São Paulo,Produtor
São Paulo,Produtor
São Paulo,Produtor
São Paulo,Produtor
São Paulo,Produtor
São Paulo,Produtor
São Paulo,Produtor
São Paulo,Produtor
São Paulo,Produtor
São Paulo,Produtor
São Paulo,Produtor
São Paulo,Produtor
São Paulo,Produtor
São Paulo,Produtor
São Paulo,Produtor
São Paulo,Produtor
São Paulo,Produtor
São Paulo,Produtor
São Paulo,Produtor
São Paulo,Produtor
São Paulo,Produtor
São Paulo,Produtor
São Paulo,Produtor
São Paulo,Produtor
São Paulo,Produtor
São Paulo,Produtor
São Paulo,Produtor
São Paulo,Produtor
São Paulo,Produtor
São Paulo,Produtor
São Paulo,Produtor
São Paulo,Produtor
São Paulo,Produtor
São Paulo,Produtor
São Paulo,Produtor
São Paulo,Produtor
São Paulo,Produtor
São Paulo,Produtor
São Paulo,Produtor
São Paulo,Produtor
São Paulo,Produtor
São Paulo,Produtor
São Paulo,Produtor
São Paulo,Produtor
São Paulo,Produtor
São Paulo,Produtor
São Paulo,Produtor
São Paulo,Produtor
São Paulo,Produtor
São Paulo,Produtor
São Paulo,Produtor
São Paulo,Produtor
São Paulo,Produtor
São Paulo,Produtor
São Paulo,Produtor
São Paulo,Produtor
São Paulo,Produtor
São Paulo,Produtor
São Paulo,Produtor
São Paulo,Produtor
São Paulo,Produtor
São Paulo,Produtor
São Paulo,Produtor
São Paulo,Produtor
São Paulo,Produtor
São Paulo,Produtor
São Paulo,Produtor
São Paulo,Produtor
São Paulo,Produtor
São Paulo,Produtor
São Paulo,Produtor
São Paulo,Produtor
São Paulo,Produtor
São Paulo,Produtor
São Paulo,Produtor
São Paulo,Produtor
São Paulo,Produtor
São Paulo,Produtor
São Paulo,Produtor
São Paulo,Produtor
São Paulo,Produtor
São Paulo,Produtor
São Paulo,Produtor
São Paulo,Produtor
São Paulo,Produtor
São Paulo,Produtor
São Paulo,Produtor
São Paulo,Produtor
São Paulo,Produtor
São Paulo,Produtor
São Paulo,Produtor
São Paulo,Produtor
São Paulo,Produtor
São Paulo,Produtor
São Paulo,Produtor
São Paulo,Produtor
São Paulo,Produtor
São Paulo,Produtor
São Paulo,Produtor
São Paulo,Produtor
São Paulo,Produtor
São Paulo,Produtor
São Paulo,Produtor
São Paulo,Produtor
São Paulo,Produtor
São Paulo,Produtor
São Paulo,Produtor
São Paulo,Produtor
São Paulo,Produtor
São Paulo,Produtor
São Paulo,Produtor
São Paulo,Produtor
São Paulo,Produtor
São Paulo,Produtor
São Paulo,Produtor
São Paulo,Produtor
São Paulo,Produtor
São Paulo,Produtor
São Paulo,Produtor
São Paulo,Produtor
São Paulo,Produtor
São Paulo,Produtor
São Paulo,Produtor
São Paulo,Produtor
São Paulo,Produtor
São Paulo,Produtor
São Paulo,Produtor
São Paulo,Produtor
São Paulo,Produtor
São Paulo,Produtor
São Paulo,Produtor
São Paulo,Produtor
São Paulo,Produtor
São Paulo,Produtor
São Paulo,Produtor
São Paulo,Produtor
São Paulo,Produtor
São Paulo,Produtor
São Paulo,Produtor
São Paulo,Produtor
São Paulo,Produtor
São Paulo,Produtor
São Paulo,Produtor
São Paulo,Produtor
São Paulo,Produtor
São Paulo,Produtor
São Paulo,Produtor
São Paulo,Produtor
São Paulo,Produtor
São Paulo,Produtor
São Paulo,Produtor
São Paulo,Produtor
São Paulo,Produtor
São Paulo,Produtor
São Paulo,Produtor
São Paulo,Produtor
São Paulo,Produtor
São Paulo,Produtor
São Paulo,Produtor
São Paulo,Produtor
São Paulo,Produtor
São Paulo,Produtor
São Paulo,Produtor
São Paulo,Produtor
São Paulo,Produtor
São Paulo,Produtor
São Paulo,Produtor
São Paulo,Produtor
São Paulo,Produtor
São Paulo,Produtor
São Paulo,Produtor
São Paulo,Produtor
São Paulo,Produtor
São Paulo,Produtor
São Paulo,Produtor
São Paulo,Produtor
São Paulo,Produtor
São Paulo,Escola
São Paulo,Escola
São Paulo,Escola
São Paulo,Escola
São Paulo,Escola
São Paulo,Escola
São Paulo,Escola
São Paulo,Escola
São Paulo,Escola
São Paulo,Escola
São Paulo,Escola
São Paulo,Escola
São Paulo,Escola
São Paulo,Escola
São Paulo,Escola
São Paulo,Escola
São Paulo,Escola
São Paulo,Escola
São Paulo,Escola
São Paulo,Escola
São Paulo,Escola
São Paulo,Escola
São Paulo,Escola
São Paulo,Escola
São Paulo,Escola
São Paulo,Escola
São Paulo,Escola
São Paulo,Escola
São Paulo,Escola
São Paulo,Escola
São Paulo,Escola
São Paulo,Escola
São Paulo,Escola
São Paulo,Escola
São Paulo,Escola
São Paulo,Escola
São Paulo,Escola
São Paulo,Escola
São Paulo,Escola
São Paulo,Escola
São Paulo,Escola
São Paulo,Escola
São Paulo,Escola
São Paulo,Escola
São Paulo,Escola
São Paulo,Escola
São Paulo,Escola
São Paulo,Escola
São Paulo,Escola
São Paulo,Escola
São Paulo,Escola
São Paulo,Escola
São Paulo,Escola
São Paulo,Escola
São Paulo,Escola
São Paulo,Escola
São Paulo,Escola
São Paulo,Escola
São Paulo,Escola
São Paulo,Escola
São Paulo,Escola
São Paulo,Escola
São Paulo,Escola
São Paulo,Escola
São Paulo,Escola
São Paulo,Escola
São Paulo,Escola
São Paulo,Escola
São Paulo,Escola
São Paulo,Escola
São Paulo,Escola
São Paulo,Escola
São Paulo,Escola
São Paulo,Escola
São Paulo,Escola
São Paulo,Escola
São Paulo,Escola
São Paulo,Escola
São Paulo,Outras
São Paulo,Outras
São Paulo,Outras
São Paulo,Outras
São Paulo,Outras
São Paulo,Outras
São Paulo,Outras
São Paulo,Outras
São Paulo,Outras
São Paulo,Outras
São Paulo,Outras
São Paulo,Outras
São Paulo,Outras
São Paulo,Outras
São Paulo,Outras
São Paulo,Outras
São Paulo,Outras
São Paulo,Outras
São Paulo,Outras
São Paulo,Outras
São Paulo,Outras
São Paulo,Outras
São Paulo,Outras
São Paulo,Outras
São Paulo,Outras
São Paulo,Outras
São Paulo,Outras
São Paulo,Outras
São Paulo,Outras
São Paulo,Outras
São Paulo,Outras
São Paulo,Outras
São Paulo,Outras
São Paulo,Outras
São Paulo,Outras
São Paulo,Outras
São Paulo,Outras
São Paulo,Outras
São Paulo,Outras
São Paulo,Outras
São Paulo,Outras
São Paulo,Outras
São Paulo,Outras
São Paulo,Outras
São Paulo,Outras
São Paulo,Outras
São Paulo,Outras
São Paulo,Outras
São Paulo,Outras
São Paulo,Outras
São Paulo,Outras
São Paulo,Outras
São Paulo,Outras
São Paulo,Outras
São Paulo,Outras
São Paulo,Outras
São Paulo,Outras
São Paulo,Outras
São Paulo,Outras
São Paulo,Outras
São Paulo,Outras
São Paulo,Outras
São Paulo,Outras
São Paulo,Outras
São Paulo,Outras
São Paulo,Outras
São Paulo,Outras
São Paulo,Outras
São Paulo,Outras
São Paulo,Outras
São Paulo,Outras
São Paulo,Outras
São Paulo,Outras
São Paulo,Outras
São Paulo,Outras
São Paulo,Outras
São Paulo,Outras
São Paulo,Outras
São Paulo,Outras
São Paulo,Outras
São Paulo,Outras
São Paulo,Outras
São Paulo,Outras
São Paulo,Outras
São Paulo,Outras
São Paulo,Outras
São Paulo,Outras
São Paulo,Outras
São Paulo,Outras
São Paulo,Outras
São Paulo,Outras
São Paulo,Outras
São Paulo,Outras
São Paulo,Outras
São Paulo,Outras
São Paulo,Outras
São Paulo,Outras
São Paulo,Outras
São Paulo,Outras
São Paulo,Outras
São Paulo,Outras
São Paulo,Outras
São Paulo,Outras
São Paulo,Outras
São Paulo,Outras
São Paulo,Outras
São Paulo,Outras
São Paulo,Outras
São Paulo,Outras
São Paulo,Outras
São Paulo,Outras
São Paulo,Outras
São Paulo,Outras
São Paulo,Outras
São Paulo,Outras
São Paulo,Outras
São Paulo,Outras
São Paulo,Outras
São Paulo,Outras
Paraná,Consumidor
Paraná,Consumidor
Paraná,Consumidor
Paraná,Consumidor
Paraná,Consumidor
Paraná,Consumidor
Paraná,Consumidor
Paraná,Consumidor
Paraná,Consumidor
Paraná,Consumidor
Paraná,Consumidor
Paraná,Consumidor
Paraná,Consumidor
Paraná,Consumidor
Paraná,Consumidor
Paraná,Consumidor
Paraná,Consumidor
Paraná,Consumidor
Paraná,Consumidor
Paraná,Consumidor
Paraná,Consumidor
Paraná,Consumidor
Paraná,Consumidor
Paraná,Consumidor
Paraná,Consumidor
Paraná,Consumidor
Paraná,Consumidor
Paraná,Consumidor
Paraná,Consumidor
Paraná,Consumidor
Paraná,Consumidor
Paraná,Consumidor
Paraná,Consumidor
Paraná,Consumidor
Paraná,Consumidor
Paraná,Consumidor
Paraná,Consumidor
Paraná,Consumidor
Paraná,Consumidor
Paraná,Consumidor
Paraná,Consumidor
Paraná,Consumidor
Paraná,Consumidor
Paraná,Consumidor
Paraná,Consumidor
Paraná,Consumidor
Paraná,Consumidor
Paraná,Consumidor
Paraná,Consumidor
Paraná,Consumidor
Paraná,Consumidor
Paraná,Produtor
Paraná,Produtor
Paraná,Produtor
Paraná,Produtor
Paraná,Produtor
Paraná,Produtor
Paraná,Produtor
Paraná,Produtor
Paraná,Produtor
Paraná,Produtor
Paraná,Produtor
Paraná,Produtor
Paraná,Produtor
Paraná,Produtor
Paraná,Produtor
Paraná,Produtor
Paraná,Produtor
Paraná,Produtor
Paraná,Produtor
Paraná,Produtor
Paraná,Produtor
Paraná,Produtor
Paraná,Produtor
Paraná,Produtor
Paraná,Produtor
Paraná,Produtor
Paraná,Produtor
Paraná,Produtor
Paraná,Produtor
Paraná,Produtor
Paraná,Produtor
Paraná,Produtor
Paraná,Produtor
Paraná,Produtor
Paraná,Produtor
Paraná,Produtor
Paraná,Produtor
Paraná,Produtor
Paraná,Produtor
Paraná,Produtor
Paraná,Produtor
Paraná,Produtor
Paraná,Produtor
Paraná,Produtor
Paraná,Produtor
Paraná,Produtor
Paraná,Produtor
Paraná,Produtor
Paraná,Produtor
Paraná,Produtor
Paraná,Produtor
Paraná,Produtor
Paraná,Produtor
Paraná,Produtor
Paraná,Produtor
Paraná,Produtor
Paraná,Produtor
Paraná,Produtor
Paraná,Produtor
Paraná,Produtor
Paraná,Produtor
Paraná,Produtor
Paraná,Produtor
Paraná,Produtor
Paraná,Produtor
Paraná,Produtor
Paraná,Produtor
Paraná,Produtor
Paraná,Produtor
Paraná,Produtor
Paraná,Produtor
Paraná,Produtor
Paraná,Produtor
Paraná,Produtor
Paraná,Produtor
Paraná,Produtor
Paraná,Produtor
Paraná,Produtor
Paraná,Produtor
Paraná,Produtor
Paraná,Produtor
Paraná,Produtor
Paraná,Produtor
Paraná,Produtor
Paraná,Produtor
Paraná,Produtor
Paraná,Produtor
Paraná,Produtor
Paraná,Produtor
Paraná,Produtor
Paraná,Produtor
Paraná,Produtor
Paraná,Produtor
Paraná,Produtor
Paraná,Produtor
Paraná,Produtor
Paraná,Produtor
Paraná,Produtor
Paraná,Produtor
Paraná,Produtor
Paraná,Produtor
Paraná,Produtor
Paraná,Escola
Paraná,Escola
Paraná,Escola
Paraná,Escola
Paraná,Escola
Paraná,Escola
Paraná,Escola
Paraná,Escola
Paraná,Escola
Paraná,Escola
Paraná,Escola
Paraná,Escola
Paraná,Escola
Paraná,Escola
Paraná,Escola
Paraná,Escola
Paraná,Escola
Paraná,Escola
Paraná,Escola
Paraná,Escola
Paraná,Escola
Paraná,Escola
Paraná,Escola
Paraná,Escola
Paraná,Escola
Paraná,Escola
Paraná,Escola
Paraná,Escola
Paraná,Escola
Paraná,Escola
Paraná,Escola
Paraná,Escola
Paraná,Escola
Paraná,Escola
Paraná,Escola
Paraná,Escola
Paraná,Escola
Paraná,Escola
Paraná,Escola
Paraná,Escola
Paraná,Escola
Paraná,Escola
Paraná,Escola
Paraná,Escola
Paraná,Escola
Paraná,Escola
Paraná,Escola
Paraná,Escola
Paraná,Escola
Paraná,Escola
Paraná,Escola
Paraná,Escola
Paraná,Escola
Paraná,Escola
Paraná,Escola
Paraná,Escola
Paraná,Escola
Paraná,Escola
Paraná,Escola
Paraná,Escola
Paraná,Escola
Paraná,Escola
Paraná,Escola
Paraná,Escola
Paraná,Escola
Paraná,Escola
Paraná,Escola
Paraná,Escola
Paraná,Escola
Paraná,Escola
Paraná,Escola
Paraná,Escola
Paraná,Escola
Paraná,Escola
Paraná,Escola
Paraná,Escola
Paraná,Escola
Paraná,Escola
Paraná,Escola
Paraná,Escola
Paraná,Escola
Paraná,Escola
Paraná,Escola
Paraná,Escola
Paraná,Escola
Paraná,Escola
Paraná,Escola
Paraná,Escola
Paraná,Escola
Paraná,Escola
Paraná,Escola
Paraná,Escola
Paraná,Escola
Paraná,Escola
Paraná,Escola
Paraná,Escola
Paraná,Escola
Paraná,Escola
Paraná,Escola
Paraná,Escola
Paraná,Escola
Paraná,Escola
Paraná,Escola
Paraná,Escola
Paraná,Escola
Paraná,Escola
Paraná,Escola
Paraná,Escola
Paraná,Escola
Paraná,Escola
Paraná,Escola
Paraná,Escola
Paraná,Escola
Paraná,Escola
Paraná,Escola
Paraná,Escola
Paraná,Escola
Paraná,Escola
Paraná,Escola
Paraná,Escola
Paraná,Escola
Paraná,Escola
Paraná,Escola
Paraná,Escola
Paraná,Escola
Paraná,Escola
Paraná,Outras
Paraná,Outras
Paraná,Outras
Paraná,Outras
Paraná,Outras
Paraná,Outras
Paraná,Outras
Paraná,Outras
Paraná,Outras
Paraná,Outras
Paraná,Outras
Paraná,Outras
Paraná,Outras
Paraná,Outras
Paraná,Outras
Paraná,Outras
Paraná,Outras
Paraná,Outras
Paraná,Outras
Paraná,Outras
Paraná,Outras
Paraná,Outras
Rio G. do Sul,Consumidor
Rio G. do Sul,Consumidor
Rio G. do Sul,Consumidor
Rio G. do Sul,Consumidor
Rio G. do Sul,Consumidor
Rio G. do Sul,Consumidor
Rio G. do Sul,Consumidor
Rio G. do Sul,Consumidor
Rio G. do Sul,Consumidor
Rio G. do Sul,Consumidor
Rio G. do Sul,Consumidor
Rio G. do Sul,Consumidor
Rio G. do Sul,Consumidor
Rio G. do Sul,Consumidor
Rio G. do Sul,Consumidor
Rio G. do Sul,Consumidor
Rio G. do Sul,Consumidor
Rio G. do Sul,Consumidor
Rio G. do Sul,Consumidor
Rio G. do Sul,Consumidor
Rio G. do Sul,Consumidor
Rio G. do Sul,Consumidor
Rio G. do Sul,Consumidor
Rio G. do Sul,Consumidor
Rio G. do Sul,Consumidor
Rio G. do Sul,Consumidor
Rio G. do Sul,Consumidor
Rio G. do Sul,Consumidor
Rio G. do Sul,Consumidor
Rio G. do Sul,Consumidor
Rio G. do Sul,Consumidor
Rio G. do Sul,Consumidor
Rio G. do Sul,Consumidor
Rio G. do Sul,Consumidor
Rio G. do Sul,Consumidor
Rio G. do Sul,Consumidor
Rio G. do Sul,Consumidor
Rio G. do Sul,Consumidor
Rio G. do Sul,Consumidor
Rio G. do Sul,Consumidor
Rio G. do Sul,Consumidor
Rio G. do Sul,Consumidor
Rio G. do Sul,Consumidor
Rio G. do Sul,Consumidor
Rio G. do Sul,Consumidor
Rio G. do Sul,Consumidor
Rio G. do Sul,Consumidor
Rio G. do Sul,Consumidor
Rio G. do Sul,Consumidor
Rio G. do Sul,Consumidor
Rio G. do Sul,Consumidor
Rio G. do Sul,Consumidor
Rio G. do Sul,Consumidor
Rio G. do Sul,Consumidor
Rio G. do Sul,Consumidor
Rio G. do Sul,Consumidor
Rio G. do Sul,Consumidor
Rio G. do Sul,Consumidor
Rio G. do Sul,Consumidor
Rio G. do Sul,Consumidor
Rio G. do Sul,Consumidor
Rio G. do Sul,Consumidor
Rio G. do Sul,Consumidor
Rio G. do Sul,Consumidor
Rio G. do Sul,Consumidor
Rio G. do Sul,Consumidor
Rio G. do Sul,Consumidor
Rio G. do Sul,Consumidor
Rio G. do Sul,Consumidor
Rio G. do Sul,Consumidor
Rio G. do Sul,Consumidor
Rio G. do Sul,Consumidor
Rio G. do Sul,Consumidor
Rio G. do Sul,Consumidor
Rio G. do Sul,Consumidor
Rio G. do Sul,Consumidor
Rio G. do Sul,Consumidor
Rio G. do Sul,Consumidor
Rio G. do Sul,Consumidor
Rio G. do Sul,Consumidor
Rio G. do Sul,Consumidor
Rio G. do Sul,Consumidor
Rio G. do Sul,Consumidor
Rio G. do Sul,Consumidor
Rio G. do Sul,Consumidor
Rio G. do Sul,Consumidor
Rio G. do Sul,Consumidor
Rio G. do Sul,Consumidor
Rio G. do Sul,Consumidor
Rio G. do Sul,Consumidor
Rio G. do Sul,Consumidor
Rio G. do Sul,Consumidor
Rio G. do Sul,Consumidor
Rio G. do Sul,Consumidor
Rio G. do Sul,Consumidor
Rio G. do Sul,Consumidor
Rio G. do Sul,Consumidor
Rio G. do Sul,Consumidor
Rio G. do Sul,Consumidor
Rio G. do Sul,Consumidor
Rio G. do Sul,Consumidor
Rio G. do Sul,Consumidor
Rio G. do Sul,Consumidor
Rio G. do Sul,Consumidor
Rio G. do Sul,Consumidor
Rio G. do Sul,Consumidor
Rio G. do Sul,Consumidor
Rio G. do Sul,Consumidor
Rio G. do Sul,Consumidor
Rio G. do Sul,Consumidor
Rio G. do Sul,Consumidor
Rio G. do Sul,Produtor
Rio G. do Sul,Produtor
Rio G. do Sul,Produtor
Rio G. do Sul,Produtor
Rio G. do Sul,Produtor
Rio G. do Sul,Produtor
Rio G. do Sul,Produtor
Rio G. do Sul,Produtor
Rio G. do Sul,Produtor
Rio G. do Sul,Produtor
Rio G. do Sul,Produtor
Rio G. do Sul,Produtor
Rio G. do Sul,Produtor
Rio G. do Sul,Produtor
Rio G. do Sul,Produtor
Rio G. do Sul,Produtor
Rio G. do Sul,Produtor
Rio G. do Sul,Produtor
Rio G. do Sul,Produtor
Rio G. do Sul,Produtor
Rio G. do Sul,Produtor
Rio G. do Sul,Produtor
Rio G. do Sul,Produtor
Rio G. do Sul,Produtor
Rio G. do Sul,Produtor
Rio G. do Sul,Produtor
Rio G. do Sul,Produtor
Rio G. do Sul,Produtor
Rio G. do Sul,Produtor
Rio G. do Sul,Produtor
Rio G. do Sul,Produtor
Rio G. do Sul,Produtor
Rio G. do Sul,Produtor
Rio G. do Sul,Produtor
Rio G. do Sul,Produtor
Rio G. do Sul,Produtor
Rio G. do Sul,Produtor
Rio G. do Sul,Produtor
Rio G. do Sul,Produtor
Rio G. do Sul,Produtor
Rio G. do Sul,Produtor
Rio G. do Sul,Produtor
Rio G. do Sul,Produtor
Rio G. do Sul,Produtor
Rio G. do Sul,Produtor
Rio G. do Sul,Produtor
Rio G. do Sul,Produtor
Rio G. do Sul,Produtor
Rio G. do Sul,Produtor
Rio G. do Sul,Produtor
Rio G. do Sul,Produtor
Rio G. do Sul,Produtor
Rio G. do Sul,Produtor
Rio G. do Sul,Produtor
Rio G. do Sul,Produtor
Rio G. do Sul,Produtor
Rio G. do Sul,Produtor
Rio G. do Sul,Produtor
Rio G. do Sul,Produtor
Rio G. do Sul,Produtor
Rio G. do Sul,Produtor
Rio G. do Sul,Produtor
Rio G. do Sul,Produtor
Rio G. do Sul,Produtor
Rio G. do Sul,Produtor
Rio G. do Sul,Produtor
Rio G. do Sul,Produtor
Rio G. do Sul,Produtor
Rio G. do Sul,Produtor
Rio G. do Sul,Produtor
Rio G. do Sul,Produtor
Rio G. do Sul,Produtor
Rio G. do Sul,Produtor
Rio G. do Sul,Produtor
Rio G. do Sul,Produtor
Rio G. do Sul,Produtor
Rio G. do Sul,Produtor
Rio G. do Sul,Produtor
Rio G. do Sul,Produtor
Rio G. do Sul,Produtor
Rio G. do Sul,Produtor
Rio G. do Sul,Produtor
Rio G. do Sul,Produtor
Rio G. do Sul,Produtor
Rio G. do Sul,Produtor
Rio G. do Sul,Produtor
Rio G. do Sul,Produtor
Rio G. do Sul,Produtor
Rio G. do Sul,Produtor
Rio G. do Sul,Produtor
Rio G. do Sul,Produtor
Rio G. do Sul,Produtor
Rio G. do Sul,Produtor
Rio G. do Sul,Produtor
Rio G. do Sul,Produtor
Rio G. do Sul,Produtor
Rio G. do Sul,Produtor
Rio G. do Sul,Produtor
Rio G. do Sul,Produtor
Rio G. do Sul,Produtor
Rio G. do Sul,Produtor
Rio G. do Sul,Produtor
Rio G. do Sul,Produtor
Rio G. do Sul,Produtor
Rio G. do Sul,Produtor
Rio G. do Sul,Produtor
Rio G. do Sul,Produtor
Rio G. do Sul,Produtor
Rio G. do Sul,Produtor
Rio G. do Sul,Produtor
Rio G. do Sul,Produtor
Rio G. do Sul,Produtor
Rio G. do Sul,Produtor
Rio G. do Sul,Produtor
Rio G. do Sul,Produtor
Rio G. do Sul,Produtor
Rio G. do Sul,Produtor
Rio G. do Sul,Produtor
Rio G. do Sul,Produtor
Rio G. do Sul,Produtor
Rio G. do Sul,Produtor
Rio G. do Sul,Produtor
Rio G. do Sul,Produtor
Rio G. do Sul,Produtor
Rio G. do Sul,Produtor
Rio G. do Sul,Produtor
Rio G. do Sul,Produtor
Rio G. do Sul,Produtor
Rio G. do Sul,Produtor
Rio G. do Sul,Produtor
Rio G. do Sul,Produtor
Rio G. do Sul,Produtor
Rio G. do Sul,Produtor
Rio G. do Sul,Produtor
Rio G. do Sul,Produtor
Rio G. do Sul,Produtor
Rio G. do Sul,Produtor
Rio G. do Sul,Produtor
Rio G. do Sul,Produtor
Rio G. do Sul,Produtor
Rio G. do Sul,Produtor
Rio G. do Sul,Produtor
Rio G. do Sul,Produtor
Rio G. do Sul,Produtor
Rio G. do Sul,Produtor
Rio G. do Sul,Produtor
Rio G. do Sul,Produtor
Rio G. do Sul,Produtor
Rio G. do Sul,Produtor
Rio G. do Sul,Produtor
Rio G. do Sul,Produtor
Rio G. do Sul,Produtor
Rio G. do Sul,Produtor
Rio G. do Sul,Produtor
Rio G. do Sul,Produtor
Rio G. do Sul,Produtor
Rio G. do Sul,Produtor
Rio G. do Sul,Produtor
Rio G. do Sul,Produtor
Rio G. do Sul,Produtor
Rio G. do Sul,Produtor
Rio G. do Sul,Produtor
Rio G. do Sul,Produtor
Rio G. do Sul,Produtor
Rio G. do Sul,Produtor
Rio G. do Sul,Produtor
Rio G. do Sul,Produtor
Rio G. do Sul,Produtor
Rio G. do Sul,Produtor
Rio G. do Sul,Produtor
Rio G. do Sul,Produtor
Rio G. do Sul,Produtor
Rio G. do Sul,Produtor
Rio G. do Sul,Produtor
Rio G. do Sul,Produtor
Rio G. do Sul,Produtor
Rio G. do Sul,Produtor
Rio G. do Sul,Produtor
Rio G. do Sul,Produtor
Rio G. do Sul,Produtor
Rio G. do Sul,Produtor
Rio G. do Sul,Produtor
Rio G. do Sul,Produtor
Rio G. do Sul,Produtor
Rio G. do Sul,Produtor
Rio G. do Sul,Produtor
Rio G. do Sul,Produtor
Rio G. do Sul,Produtor
Rio G. do Sul,Produtor
Rio G. do Sul,Produtor
Rio G. do Sul,Produtor
Rio G. do Sul,Produtor
Rio G. do Sul,Produtor
Rio G. do Sul,Produtor
Rio G. do Sul,Produtor
Rio G. do Sul,Produtor
Rio G. do Sul,Produtor
Rio G. do Sul,Produtor
Rio G. do Sul,Produtor
Rio G. do Sul,Produtor
Rio G. do Sul,Produtor
Rio G. do Sul,Produtor
Rio G. do Sul,Produtor
Rio G. do Sul,Produtor
Rio G. do Sul,Produtor
Rio G. do Sul,Produtor
Rio G. do Sul,Produtor
Rio G. do Sul,Produtor
Rio G. do Sul,Produtor
Rio G. do Sul,Produtor
Rio G. do Sul,Produtor
Rio G. do Sul,Produtor
Rio G. do Sul,Produtor
Rio G. do Sul,Produtor
Rio G. do Sul,Produtor
Rio G. do Sul,Produtor
Rio G. do Sul,Produtor
Rio G. do Sul,Produtor
Rio G. do Sul,Produtor
Rio G. do Sul,Produtor
Rio G. do Sul,Produtor
Rio G. do Sul,Produtor
Rio G. do Sul,Produtor
Rio G. do Sul,Produtor
Rio G. do Sul,Produtor
Rio G. do Sul,Produtor
Rio G. do Sul,Produtor
Rio G. do Sul,Produtor
Rio G. do Sul,Produtor
Rio G. do Sul,Produtor
Rio G. do Sul,Produtor
Rio G. do Sul,Produtor
Rio G. do Sul,Produtor
Rio G. do Sul,Produtor
Rio G. do Sul,Produtor
Rio G. do Sul,Produtor
Rio G. do Sul,Produtor
Rio G. do Sul,Produtor
Rio G. do Sul,Produtor
Rio G. do Sul,Produtor
Rio G. do Sul,Produtor
Rio G. do Sul,Produtor
Rio G. do Sul,Produtor
Rio G. do Sul,Produtor
Rio G. do Sul,Produtor
Rio G. do Sul,Produtor
Rio G. do Sul,Produtor
Rio G. do Sul,Produtor
Rio G. do Sul,Produtor
Rio G. do Sul,Produtor
Rio G. do Sul,Produtor
Rio G. do Sul,Produtor
Rio G. do Sul,Produtor
Rio G. do Sul,Produtor
Rio G. do Sul,Produtor
Rio G. do Sul,Produtor
Rio G. do Sul,Produtor
Rio G. do Sul,Produtor
Rio G. do Sul,Produtor
Rio G. do Sul,Produtor
Rio G. do Sul,Produtor
Rio G. do Sul,Produtor
Rio G. do Sul,Produtor
Rio G. do Sul,Produtor
Rio G. do Sul,Produtor
Rio G. do Sul,Produtor
Rio G. do Sul,Produtor
Rio G. do Sul,Produtor
Rio G. do Sul,Produtor
Rio G. do Sul,Produtor
Rio G. do Sul,Produtor
Rio G. do Sul,Produtor
Rio G. do Sul,Produtor
Rio G. do Sul,Produtor
Rio G. do Sul,Produtor
Rio G. do Sul,Produtor
Rio G. do Sul,Produtor
Rio G. do Sul,Produtor
Rio G. do Sul,Produtor
Rio G. do Sul,Produtor
Rio G. do Sul,Produtor
Rio G. do Sul,Produtor
Rio G. do Sul,Produtor
Rio G. do Sul,Produtor
Rio G. do Sul,Produtor
Rio G. do Sul,Produtor
Rio G. do Sul,Produtor
Rio G. do Sul,Produtor
Rio G. do Sul,Produtor
Rio G. do Sul,Produtor
Rio G. do Sul,Produtor
Rio G. do Sul,Produtor
Rio G. do Sul,Produtor
Rio G. do Sul,Produtor
Rio G. do Sul,Produtor
Rio G. do Sul,Produtor
Rio G. do Sul,Produtor
Rio G. do Sul,Produtor
Rio G. do Sul,Produtor
Rio G. do Sul,Produtor
Rio G. do Sul,Produtor
Rio G. do Sul,Produtor
Rio G. do Sul,Produtor
Rio G. do Sul,Produtor
Rio G. do Sul,Escola
Rio G. do Sul,Escola
Rio G. do Sul,Escola
Rio G. do Sul,Escola
Rio G. do Sul,Escola
Rio G. do Sul,Escola
Rio G. do Sul,Escola
Rio G. do Sul,Escola
Rio G. do Sul,Escola
Rio G. do Sul,Escola
Rio G. do Sul,Escola
Rio G. do Sul,Escola
Rio G. do Sul,Escola
Rio G. do Sul,Escola
Rio G. do Sul,Escola
Rio G. do Sul,Escola
Rio G. do Sul,Escola
Rio G. do Sul,Escola
Rio G. do Sul,Escola
Rio G. do Sul,Escola
Rio G. do Sul,Escola
Rio G. do Sul,Escola
Rio G. do Sul,Escola
Rio G. do Sul,Escola
Rio G. do Sul,Escola
Rio G. do Sul,Escola
Rio G. do Sul,Escola
Rio G. do Sul,Escola
Rio G. do Sul,Escola
Rio G. do Sul,Escola
Rio G. do Sul,Escola
Rio G. do Sul,Escola
Rio G. do Sul,Escola
Rio G. do Sul,Escola
Rio G. do Sul,Escola
Rio G. do Sul,Escola
Rio G. do Sul,Escola
Rio G. do Sul,Escola
Rio G. do Sul,Escola
Rio G. do Sul,Escola
Rio G. do Sul,Escola
Rio G. do Sul,Escola
Rio G. do Sul,Escola
Rio G. do Sul,Escola
Rio G. do Sul,Escola
Rio G. do Sul,Escola
Rio G. do Sul,Escola
Rio G. do Sul,Escola
Rio G. do Sul,Escola
Rio G. do Sul,Escola
Rio G. do Sul,Escola
Rio G. do Sul,Escola
Rio G. do Sul,Escola
Rio G. do Sul,Escola
Rio G. do Sul,Escola
Rio G. do Sul,Escola
Rio G. do Sul,Escola
Rio G. do Sul,Escola
Rio G. do Sul,Escola
Rio G. do Sul,Escola
Rio G. do Sul,Escola
Rio G. do Sul,Escola
Rio G. do Sul,Escola
Rio G. do Sul,Escola
Rio G. do Sul,Escola
Rio G. do Sul,Escola
Rio G. do Sul,Escola
Rio G. do Sul,Escola
Rio G. do Sul,Escola
Rio G. do Sul,Escola
Rio G. do Sul,Escola
Rio G. do Sul,Escola
Rio G. do Sul,Escola
Rio G. do Sul,Escola
Rio G. do Sul,Escola
Rio G. do Sul,Escola
Rio G. do Sul,Escola
Rio G. do Sul,Escola
Rio G. do Sul,Escola
Rio G. do Sul,Escola
Rio G. do Sul,Escola
Rio G. do Sul,Escola
Rio G. do Sul,Escola
Rio G. do Sul,Escola
Rio G. do Sul,Escola
Rio G. do Sul,Escola
Rio G. do Sul,Escola
Rio G. do Sul,Escola
Rio G. do Sul,Escola
Rio G. do Sul,Escola
Rio G. do Sul,Escola
Rio G. do Sul,Escola
Rio G. do Sul,Escola
Rio G. do Sul,Escola
Rio G. do Sul,Escola
Rio G. do Sul,Escola
Rio G. do Sul,Escola
Rio G. do Sul,Escola
Rio G. do Sul,Escola
Rio G. do Sul,Escola
Rio G. do Sul,Escola
Rio G. do Sul,Escola
Rio G. do Sul,Escola
Rio G. do Sul,Escola
Rio G. do Sul,Escola
Rio G. do Sul,Escola
Rio G. do Sul,Escola
Rio G. do Sul,Escola
Rio G. do Sul,Escola
Rio G. do Sul,Escola
Rio G. do Sul,Escola
Rio G. do Sul,Escola
Rio G. do Sul,Escola
Rio G. do Sul,Escola
Rio G. do Sul,Escola
Rio G. do Sul,Escola
Rio G. do Sul,Escola
Rio G. do Sul,Escola
Rio G. do Sul,Escola
Rio G. do Sul,Escola
Rio G. do Sul,Escola
Rio G. do Sul,Escola
Rio G. do Sul,Escola
Rio G. do Sul,Escola
Rio G. do Sul,Escola
Rio G. do Sul,Escola
Rio G. do Sul,Escola
Rio G. do Sul,Escola
Rio G. do Sul,Escola
Rio G. do Sul,Escola
Rio G. do Sul,Escola
Rio G. do Sul,Escola
Rio G. do Sul,Escola
Rio G. do Sul,Escola
Rio G. do Sul,Escola
Rio G. do Sul,Escola
Rio G. do Sul,Escola
Rio G. do Sul,Escola
Rio G. do Sul,Escola
Rio G. do Sul,Outras
Rio G. do Sul,Outras
Rio G. do Sul,Outras
Rio G. do Sul,Outras
Rio G. do Sul,Outras
Rio G. do Sul,Outras
Rio G. do Sul,Outras
Rio G. do Sul,Outras
Rio G. do Sul,Outras
Rio G. do Sul,Outras
Rio G. do Sul,Outras
Rio G. do Sul,Outras
Rio G. do Sul,Outras
Rio G. do Sul,Outras
Rio G. do Sul,Outras
Rio G. do Sul,Outras
Rio G. do Sul,Outras
Rio G. do Sul,Outras
Rio G. do Sul,Outras
Rio G. do Sul,Outras
Rio G. do Sul,Outras
Rio G. do Sul,Outras
Rio G. do Sul,Outras
Rio G. do Sul,Outras
Rio G. do Sul,Outras
Rio G. do Sul,Outras
Rio G. do Sul,Outras
Rio G. do Sul,Outras
Rio G. do Sul,Outras
Rio G. do Sul,Outras
Rio G. do Sul,Outras
Rio G. do Sul,Outras
Rio G. do Sul,Outras
Rio G. do Sul,Outras
Rio G. do Sul,Outras
Rio G. do Sul,Outras
Rio G. do Sul,Outras
Rio G. do Sul,Outras
Rio G. do Sul,Outras
Rio G. do Sul,Outras
Rio G. do Sul,Outras
Rio G. do Sul,Outras
Rio G. do Sul,Outras
Rio G. do Sul,Outras
Rio G. do Sul,Outras
Rio G. do Sul,Outras
Rio G. do Sul,Outras
Rio G. do Sul,Outras
